"Montgomery, Alabama"
"Birmingham, Alabama"
"Juneau, Alaska"
"Anchorage, Alaska"
"Phoenix, Arizona"
"Little Rock, Arkansas"
"Sacramento, California"
Los Angeles
Denver
"Hartford, Connecticut"
"Bridgeport, Connecticut"
"Dover, Delaware"
"Wilmington, Delaware"
"Tallahassee, Florida"
"Jacksonville, Florida"
Atlanta
Honolulu
"Boise, Idaho"
"Springfield, Illinois"
Chicago
Indianapolis
"Des Moines, Iowa"
"Topeka, Kansas"
"Wichita, Kansas"
"Frankfort, Kentucky"
"Louisville, Kentucky"
"Baton Rouge, Louisiana"
New Orleans
"Augusta, Maine"
"Portland, Maine"
"Annapolis, Maryland"
Baltimore
Boston
"Lansing, Michigan"
Detroit
"Saint Paul, Minnesota"
Minneapolis
"Jackson, Mississippi"
"Jefferson City, Missouri"
"Kansas City, Missouri"
"Helena, Montana"
"Billings, Montana"
"Lincoln, Nebraska"
"Omaha, Nebraska"
"Carson City, Nevada"
Las Vegas
"Concord, New Hampshire"
"Manchester, New Hampshire"
"Trenton, New Jersey"
"Newark, New Jersey"
"Santa Fe, New Mexico"
"Albuquerque, New Mexico"
"Albany, New York"
New York City
"Raleigh, North Carolina"
"Charlotte, North Carolina"
"Bismarck, North Dakota"
"Fargo, North Dakota"
"Columbus, Ohio"
Oklahoma City
"Salem, Oregon"
"Portland, Oregon"
"Harrisburg, Pennsylvania"
Philadelphia
"Providence, Rhode Island"
"Columbia, South Carolina"
"Charleston, South Carolina"
"Pierre, South Dakota"
"Sioux Falls, South Dakota"
"Nashville, Tennessee"
"Austin, Texas"
Houston
Salt Lake City
"Montpelier, Vermont"
"Burlington, Vermont"
"Richmond, Virginia"
"Virginia Beach, Virginia"
"Olympia, Washington"
Seattle
"Charleston, West Virginia"
"Madison, Wisconsin"
Milwaukee
"Cheyenne, Wyoming"
